phase,category,benchmark,benchmark_slug,seed,variant_id,mode,run_name,config_path,wandb_project,wandb_group,wandb_tags,run_name_suffix,config_source
1,phase1_priority,instrdialog++,instrdialogpp,123,v8_sota_5,ours,paper_instrdialogpp_v8_sota5_ours_s123_v8s5camp,configs/paper/v8_sota5_campaign/phase1/instrdialogpp__v8_sota_5__s123.yaml,lora-citb-v8-sota5-paper,phase1_priority_instrdialogpp,v8_sota5_campaign|v8_sota_5|phase1_priority|instrdialogpp|seed_123|v8_sota_5,,generated
2,ablation_single_seed,instrdialog,instrdialog,123,ours_no_bank,ours,paper_instrdialog_ours_no_bank_s123_v8s5camp,configs/paper/v8_sota5_campaign/ablation/instrdialog__ours_no_bank__s123.yaml,lora-citb-v8-sota5-paper,ablation_single_seed,v8_sota5_campaign|v8_sota_5|ablation_single_seed|instrdialog|seed_123|ours_no_bank,,generated
2,ablation_single_seed,instrdialog,instrdialog,123,ours_no_drift,ours,paper_instrdialog_ours_no_drift_s123_v8s5camp,configs/paper/v8_sota5_campaign/ablation/instrdialog__ours_no_drift__s123.yaml,lora-citb-v8-sota5-paper,ablation_single_seed,v8_sota5_campaign|v8_sota_5|ablation_single_seed|instrdialog|seed_123|ours_no_drift,,generated
2,ablation_single_seed,instrdialog,instrdialog,123,ours_no_overlap,ours,paper_instrdialog_ours_no_overlap_s123_v8s5camp,configs/paper/v8_sota5_campaign/ablation/instrdialog__ours_no_overlap__s123.yaml,lora-citb-v8-sota5-paper,ablation_single_seed,v8_sota5_campaign|v8_sota_5|ablation_single_seed|instrdialog|seed_123|ours_no_overlap,,generated
2,ablation_single_seed,instrdialog,instrdialog,123,ours_no_router,ours,paper_instrdialog_ours_no_router_s123_v8s5camp,configs/paper/v8_sota5_campaign/ablation/instrdialog__ours_no_router__s123.yaml,lora-citb-v8-sota5-paper,ablation_single_seed,v8_sota5_campaign|v8_sota_5|ablation_single_seed|instrdialog|seed_123|ours_no_router,,generated
2,ablation_single_seed,instrdialog,instrdialog,123,v8_sota_5,ours,paper_instrdialog_v8_sota5_ours_s123_v8s5camp,configs/paper/v8_sota5_campaign/ablation/instrdialog__v8_sota_5__s123.yaml,lora-citb-v8-sota5-paper,ablation_single_seed,v8_sota5_campaign|v8_sota_5|ablation_single_seed|instrdialog|seed_123|v8_sota_5,,generated
2,ablation_single_seed,instrdialog++,instrdialogpp,123,ours_no_bank,ours,paper_instrdialogpp_ours_no_bank_s123_v8s5camp,configs/paper/v8_sota5_campaign/ablation/instrdialogpp__ours_no_bank__s123.yaml,lora-citb-v8-sota5-paper,ablation_single_seed,v8_sota5_campaign|v8_sota_5|ablation_single_seed|instrdialogpp|seed_123|ours_no_bank,,generated
2,ablation_single_seed,instrdialog++,instrdialogpp,123,ours_no_drift,ours,paper_instrdialogpp_ours_no_drift_s123_v8s5camp,configs/paper/v8_sota5_campaign/ablation/instrdialogpp__ours_no_drift__s123.yaml,lora-citb-v8-sota5-paper,ablation_single_seed,v8_sota5_campaign|v8_sota_5|ablation_single_seed|instrdialogpp|seed_123|ours_no_drift,,generated
2,ablation_single_seed,instrdialog++,instrdialogpp,123,ours_no_overlap,ours,paper_instrdialogpp_ours_no_overlap_s123_v8s5camp,configs/paper/v8_sota5_campaign/ablation/instrdialogpp__ours_no_overlap__s123.yaml,lora-citb-v8-sota5-paper,ablation_single_seed,v8_sota5_campaign|v8_sota_5|ablation_single_seed|instrdialogpp|seed_123|ours_no_overlap,,generated
2,ablation_single_seed,instrdialog++,instrdialogpp,123,ours_no_router,ours,paper_instrdialogpp_ours_no_router_s123_v8s5camp,configs/paper/v8_sota5_campaign/ablation/instrdialogpp__ours_no_router__s123.yaml,lora-citb-v8-sota5-paper,ablation_single_seed,v8_sota5_campaign|v8_sota_5|ablation_single_seed|instrdialogpp|seed_123|ours_no_router,,generated
2,ablation_single_seed,instrdialog++,instrdialogpp,123,v8_sota_5,ours,paper_instrdialogpp_v8_sota5_ours_s123_v8s5camp,configs/paper/v8_sota5_campaign/ablation/instrdialogpp__v8_sota_5__s123.yaml,lora-citb-v8-sota5-paper,ablation_single_seed,v8_sota5_campaign|v8_sota_5|ablation_single_seed|instrdialogpp|seed_123|v8_sota_5,,generated
3,baseline_multiseed,instrdialog,instrdialog,123,bank_no_router,baseline,paper_instrdialog_bank_no_router_s123_v8s5camp,configs/paper/instrdialog__bank_no_router__s123.yaml,lora-citb-v8-sota5-paper,baseline_multiseed_instrdialog,v8_sota5_campaign|v8_sota_5|baseline_multiseed|instrdialog|seed_123|bank_no_router,v8s5camp,existing_paper_matrix
3,baseline_multiseed,instrdialog,instrdialog,456,bank_no_router,baseline,paper_instrdialog_bank_no_router_s456_v8s5camp,configs/paper/instrdialog__bank_no_router__s456.yaml,lora-citb-v8-sota5-paper,baseline_multiseed_instrdialog,v8_sota5_campaign|v8_sota_5|baseline_multiseed|instrdialog|seed_456|bank_no_router,v8s5camp,existing_paper_matrix
3,baseline_multiseed,instrdialog,instrdialog,789,bank_no_router,baseline,paper_instrdialog_bank_no_router_s789_v8s5camp,configs/paper/instrdialog__bank_no_router__s789.yaml,lora-citb-v8-sota5-paper,baseline_multiseed_instrdialog,v8_sota5_campaign|v8_sota_5|baseline_multiseed|instrdialog|seed_789|bank_no_router,v8s5camp,existing_paper_matrix
3,baseline_multiseed,instrdialog,instrdialog,123,periodic_latest,baseline,paper_instrdialog_periodic_latest_s123_v8s5camp,configs/paper/instrdialog__periodic_latest__s123.yaml,lora-citb-v8-sota5-paper,baseline_multiseed_instrdialog,v8_sota5_campaign|v8_sota_5|baseline_multiseed|instrdialog|seed_123|periodic_latest,v8s5camp,existing_paper_matrix
3,baseline_multiseed,instrdialog,instrdialog,456,periodic_latest,baseline,paper_instrdialog_periodic_latest_s456_v8s5camp,configs/paper/instrdialog__periodic_latest__s456.yaml,lora-citb-v8-sota5-paper,baseline_multiseed_instrdialog,v8_sota5_campaign|v8_sota_5|baseline_multiseed|instrdialog|seed_456|periodic_latest,v8s5camp,existing_paper_matrix
3,baseline_multiseed,instrdialog,instrdialog,789,periodic_latest,baseline,paper_instrdialog_periodic_latest_s789_v8s5camp,configs/paper/instrdialog__periodic_latest__s789.yaml,lora-citb-v8-sota5-paper,baseline_multiseed_instrdialog,v8_sota5_campaign|v8_sota_5|baseline_multiseed|instrdialog|seed_789|periodic_latest,v8s5camp,existing_paper_matrix
3,baseline_multiseed,instrdialog,instrdialog,123,replay_b50,baseline,paper_instrdialog_replay_b50_s123_v8s5camp,configs/paper/instrdialog__replay_b50__s123.yaml,lora-citb-v8-sota5-paper,baseline_multiseed_instrdialog,v8_sota5_campaign|v8_sota_5|baseline_multiseed|instrdialog|seed_123|replay_b50,v8s5camp,existing_paper_matrix
3,baseline_multiseed,instrdialog,instrdialog,456,replay_b50,baseline,paper_instrdialog_replay_b50_s456_v8s5camp,configs/paper/instrdialog__replay_b50__s456.yaml,lora-citb-v8-sota5-paper,baseline_multiseed_instrdialog,v8_sota5_campaign|v8_sota_5|baseline_multiseed|instrdialog|seed_456|replay_b50,v8s5camp,existing_paper_matrix
3,baseline_multiseed,instrdialog,instrdialog,789,replay_b50,baseline,paper_instrdialog_replay_b50_s789_v8s5camp,configs/paper/instrdialog__replay_b50__s789.yaml,lora-citb-v8-sota5-paper,baseline_multiseed_instrdialog,v8_sota5_campaign|v8_sota_5|baseline_multiseed|instrdialog|seed_789|replay_b50,v8s5camp,existing_paper_matrix
3,baseline_multiseed,instrdialog,instrdialog,123,router_only,baseline,paper_instrdialog_router_only_s123_v8s5camp,configs/paper/instrdialog__router_only__s123.yaml,lora-citb-v8-sota5-paper,baseline_multiseed_instrdialog,v8_sota5_campaign|v8_sota_5|baseline_multiseed|instrdialog|seed_123|router_only,v8s5camp,existing_paper_matrix
3,baseline_multiseed,instrdialog,instrdialog,456,router_only,baseline,paper_instrdialog_router_only_s456_v8s5camp,configs/paper/instrdialog__router_only__s456.yaml,lora-citb-v8-sota5-paper,baseline_multiseed_instrdialog,v8_sota5_campaign|v8_sota_5|baseline_multiseed|instrdialog|seed_456|router_only,v8s5camp,existing_paper_matrix
3,baseline_multiseed,instrdialog,instrdialog,789,router_only,baseline,paper_instrdialog_router_only_s789_v8s5camp,configs/paper/instrdialog__router_only__s789.yaml,lora-citb-v8-sota5-paper,baseline_multiseed_instrdialog,v8_sota5_campaign|v8_sota_5|baseline_multiseed|instrdialog|seed_789|router_only,v8s5camp,existing_paper_matrix
3,baseline_multiseed,instrdialog,instrdialog,123,seq,baseline,paper_instrdialog_seq_s123_v8s5camp,configs/paper/instrdialog__seq__s123.yaml,lora-citb-v8-sota5-paper,baseline_multiseed_instrdialog,v8_sota5_campaign|v8_sota_5|baseline_multiseed|instrdialog|seed_123|seq,v8s5camp,existing_paper_matrix
3,baseline_multiseed,instrdialog,instrdialog,456,seq,baseline,paper_instrdialog_seq_s456_v8s5camp,configs/paper/instrdialog__seq__s456.yaml,lora-citb-v8-sota5-paper,baseline_multiseed_instrdialog,v8_sota5_campaign|v8_sota_5|baseline_multiseed|instrdialog|seed_456|seq,v8s5camp,existing_paper_matrix
3,baseline_multiseed,instrdialog,instrdialog,789,seq,baseline,paper_instrdialog_seq_s789_v8s5camp,configs/paper/instrdialog__seq__s789.yaml,lora-citb-v8-sota5-paper,baseline_multiseed_instrdialog,v8_sota5_campaign|v8_sota_5|baseline_multiseed|instrdialog|seed_789|seq,v8s5camp,existing_paper_matrix
3,baseline_multiseed,instrdialog++,instrdialogpp,123,bank_no_router,baseline,paper_instrdialogpp_bank_no_router_s123_v8s5camp,configs/paper/instrdialogpp__bank_no_router__s123.yaml,lora-citb-v8-sota5-paper,baseline_multiseed_instrdialogpp,v8_sota5_campaign|v8_sota_5|baseline_multiseed|instrdialogpp|seed_123|bank_no_router,v8s5camp,existing_paper_matrix
3,baseline_multiseed,instrdialog++,instrdialogpp,456,bank_no_router,baseline,paper_instrdialogpp_bank_no_router_s456_v8s5camp,configs/paper/instrdialogpp__bank_no_router__s456.yaml,lora-citb-v8-sota5-paper,baseline_multiseed_instrdialogpp,v8_sota5_campaign|v8_sota_5|baseline_multiseed|instrdialogpp|seed_456|bank_no_router,v8s5camp,existing_paper_matrix
3,baseline_multiseed,instrdialog++,instrdialogpp,789,bank_no_router,baseline,paper_instrdialogpp_bank_no_router_s789_v8s5camp,configs/paper/instrdialogpp__bank_no_router__s789.yaml,lora-citb-v8-sota5-paper,baseline_multiseed_instrdialogpp,v8_sota5_campaign|v8_sota_5|baseline_multiseed|instrdialogpp|seed_789|bank_no_router,v8s5camp,existing_paper_matrix
3,baseline_multiseed,instrdialog++,instrdialogpp,123,periodic_latest,baseline,paper_instrdialogpp_periodic_latest_s123_v8s5camp,configs/paper/instrdialogpp__periodic_latest__s123.yaml,lora-citb-v8-sota5-paper,baseline_multiseed_instrdialogpp,v8_sota5_campaign|v8_sota_5|baseline_multiseed|instrdialogpp|seed_123|periodic_latest,v8s5camp,existing_paper_matrix
3,baseline_multiseed,instrdialog++,instrdialogpp,456,periodic_latest,baseline,paper_instrdialogpp_periodic_latest_s456_v8s5camp,configs/paper/instrdialogpp__periodic_latest__s456.yaml,lora-citb-v8-sota5-paper,baseline_multiseed_instrdialogpp,v8_sota5_campaign|v8_sota_5|baseline_multiseed|instrdialogpp|seed_456|periodic_latest,v8s5camp,existing_paper_matrix
3,baseline_multiseed,instrdialog++,instrdialogpp,789,periodic_latest,baseline,paper_instrdialogpp_periodic_latest_s789_v8s5camp,configs/paper/instrdialogpp__periodic_latest__s789.yaml,lora-citb-v8-sota5-paper,baseline_multiseed_instrdialogpp,v8_sota5_campaign|v8_sota_5|baseline_multiseed|instrdialogpp|seed_789|periodic_latest,v8s5camp,existing_paper_matrix
3,baseline_multiseed,instrdialog++,instrdialogpp,123,replay_b50,baseline,paper_instrdialogpp_replay_b50_s123_v8s5camp,configs/paper/instrdialogpp__replay_b50__s123.yaml,lora-citb-v8-sota5-paper,baseline_multiseed_instrdialogpp,v8_sota5_campaign|v8_sota_5|baseline_multiseed|instrdialogpp|seed_123|replay_b50,v8s5camp,existing_paper_matrix
3,baseline_multiseed,instrdialog++,instrdialogpp,456,replay_b50,baseline,paper_instrdialogpp_replay_b50_s456_v8s5camp,configs/paper/instrdialogpp__replay_b50__s456.yaml,lora-citb-v8-sota5-paper,baseline_multiseed_instrdialogpp,v8_sota5_campaign|v8_sota_5|baseline_multiseed|instrdialogpp|seed_456|replay_b50,v8s5camp,existing_paper_matrix
3,baseline_multiseed,instrdialog++,instrdialogpp,789,replay_b50,baseline,paper_instrdialogpp_replay_b50_s789_v8s5camp,configs/paper/instrdialogpp__replay_b50__s789.yaml,lora-citb-v8-sota5-paper,baseline_multiseed_instrdialogpp,v8_sota5_campaign|v8_sota_5|baseline_multiseed|instrdialogpp|seed_789|replay_b50,v8s5camp,existing_paper_matrix
3,baseline_multiseed,instrdialog++,instrdialogpp,123,router_only,baseline,paper_instrdialogpp_router_only_s123_v8s5camp,configs/paper/instrdialogpp__router_only__s123.yaml,lora-citb-v8-sota5-paper,baseline_multiseed_instrdialogpp,v8_sota5_campaign|v8_sota_5|baseline_multiseed|instrdialogpp|seed_123|router_only,v8s5camp,existing_paper_matrix
3,baseline_multiseed,instrdialog++,instrdialogpp,456,router_only,baseline,paper_instrdialogpp_router_only_s456_v8s5camp,configs/paper/instrdialogpp__router_only__s456.yaml,lora-citb-v8-sota5-paper,baseline_multiseed_instrdialogpp,v8_sota5_campaign|v8_sota_5|baseline_multiseed|instrdialogpp|seed_456|router_only,v8s5camp,existing_paper_matrix
3,baseline_multiseed,instrdialog++,instrdialogpp,789,router_only,baseline,paper_instrdialogpp_router_only_s789_v8s5camp,configs/paper/instrdialogpp__router_only__s789.yaml,lora-citb-v8-sota5-paper,baseline_multiseed_instrdialogpp,v8_sota5_campaign|v8_sota_5|baseline_multiseed|instrdialogpp|seed_789|router_only,v8s5camp,existing_paper_matrix
3,baseline_multiseed,instrdialog++,instrdialogpp,123,seq,baseline,paper_instrdialogpp_seq_s123_v8s5camp,configs/paper/instrdialogpp__seq__s123.yaml,lora-citb-v8-sota5-paper,baseline_multiseed_instrdialogpp,v8_sota5_campaign|v8_sota_5|baseline_multiseed|instrdialogpp|seed_123|seq,v8s5camp,existing_paper_matrix
3,baseline_multiseed,instrdialog++,instrdialogpp,456,seq,baseline,paper_instrdialogpp_seq_s456_v8s5camp,configs/paper/instrdialogpp__seq__s456.yaml,lora-citb-v8-sota5-paper,baseline_multiseed_instrdialogpp,v8_sota5_campaign|v8_sota_5|baseline_multiseed|instrdialogpp|seed_456|seq,v8s5camp,existing_paper_matrix
3,baseline_multiseed,instrdialog++,instrdialogpp,789,seq,baseline,paper_instrdialogpp_seq_s789_v8s5camp,configs/paper/instrdialogpp__seq__s789.yaml,lora-citb-v8-sota5-paper,baseline_multiseed_instrdialogpp,v8_sota5_campaign|v8_sota_5|baseline_multiseed|instrdialogpp|seed_789|seq,v8s5camp,existing_paper_matrix
4,ours_multiseed,instrdialog,instrdialog,123,v8_sota_5,ours,paper_instrdialog_v8_sota5_ours_s123_v8s5camp,configs/paper/v8_sota5_campaign/ours_multiseed/instrdialog__v8_sota_5__s123.yaml,lora-citb-v8-sota5-paper,ours_multiseed_instrdialog,v8_sota5_campaign|v8_sota_5|ours_multiseed|instrdialog|seed_123|v8_sota_5,,generated
4,ours_multiseed,instrdialog,instrdialog,456,v8_sota_5,ours,paper_instrdialog_v8_sota5_ours_s456_v8s5camp,configs/paper/v8_sota5_campaign/ours_multiseed/instrdialog__v8_sota_5__s456.yaml,lora-citb-v8-sota5-paper,ours_multiseed_instrdialog,v8_sota5_campaign|v8_sota_5|ours_multiseed|instrdialog|seed_456|v8_sota_5,,generated
4,ours_multiseed,instrdialog,instrdialog,789,v8_sota_5,ours,paper_instrdialog_v8_sota5_ours_s789_v8s5camp,configs/paper/v8_sota5_campaign/ours_multiseed/instrdialog__v8_sota_5__s789.yaml,lora-citb-v8-sota5-paper,ours_multiseed_instrdialog,v8_sota5_campaign|v8_sota_5|ours_multiseed|instrdialog|seed_789|v8_sota_5,,generated
4,ours_multiseed,instrdialog++,instrdialogpp,123,v8_sota_5,ours,paper_instrdialogpp_v8_sota5_ours_s123_v8s5camp,configs/paper/v8_sota5_campaign/ours_multiseed/instrdialogpp__v8_sota_5__s123.yaml,lora-citb-v8-sota5-paper,ours_multiseed_instrdialogpp,v8_sota5_campaign|v8_sota_5|ours_multiseed|instrdialogpp|seed_123|v8_sota_5,,generated
4,ours_multiseed,instrdialog++,instrdialogpp,456,v8_sota_5,ours,paper_instrdialogpp_v8_sota5_ours_s456_v8s5camp,configs/paper/v8_sota5_campaign/ours_multiseed/instrdialogpp__v8_sota_5__s456.yaml,lora-citb-v8-sota5-paper,ours_multiseed_instrdialogpp,v8_sota5_campaign|v8_sota_5|ours_multiseed|instrdialogpp|seed_456|v8_sota_5,,generated
4,ours_multiseed,instrdialog++,instrdialogpp,789,v8_sota_5,ours,paper_instrdialogpp_v8_sota5_ours_s789_v8s5camp,configs/paper/v8_sota5_campaign/ours_multiseed/instrdialogpp__v8_sota_5__s789.yaml,lora-citb-v8-sota5-paper,ours_multiseed_instrdialogpp,v8_sota5_campaign|v8_sota_5|ours_multiseed|instrdialogpp|seed_789|v8_sota_5,,generated
